precision,recall,FPR,FNR,TPR,TP,FP,FN,confidence,scenario
0.8571428571428571,0.6666666666666666,1.0,0.3333333333333333,0.6666666666666666,6,1,3,0.3,frame15_real_combined
0.8571428571428571,0.6666666666666666,1.0,0.3333333333333333,0.6666666666666666,6,1,3,0.4,frame15_real_combined
0.8571428571428571,0.6666666666666666,1.0,0.3333333333333333,0.6666666666666666,6,1,3,0.5,frame15_real_combined
0.75,0.3333333333333333,1.0,0.6666666666666666,0.3333333333333333,3,1,6,0.6000000000000001,frame15_real_combined
0.6666666666666666,0.2222222222222222,1.0,0.7777777777777778,0.2222222222222222,2,1,7,0.7000000000000002,frame15_real_combined
0.6666666666666666,0.2222222222222222,1.0,0.7777777777777778,0.2222222222222222,2,1,7,0.8000000000000003,frame15_real_combined
0.0,0.0,0.0,1.0,0.0,0,0,9,0.9000000000000001,frame15_real_combined
