precision,recall,FPR,FNR,TPR,TP,FP,FN,confidence,scenario
1.0,0.9461077844311377,0.0,0.05389221556886228,0.9461077844311377,158,0,9,0.3,Real-Day-Highway - Copy
1.0,0.9161676646706587,0.0,0.08383233532934131,0.9161676646706587,153,0,14,0.4,Real-Day-Highway - Copy
1.0,0.8622754491017964,0.0,0.1377245508982036,0.8622754491017964,144,0,23,0.5,Real-Day-Highway - Copy
1.0,0.8263473053892215,0.0,0.17365269461077845,0.8263473053892215,138,0,29,0.6000000000000001,Real-Day-Highway - Copy
1.0,0.7604790419161677,0.0,0.23952095808383234,0.7604790419161677,127,0,40,0.7000000000000002,Real-Day-Highway - Copy
1.0,0.6047904191616766,0.0,0.39520958083832336,0.6047904191616766,101,0,66,0.8000000000000003,Real-Day-Highway - Copy
1.0,0.25149700598802394,0.0,0.7485029940119761,0.25149700598802394,42,0,125,0.9000000000000001,Real-Day-Highway - Copy
