precision,recall,FPR,FNR,TPR,TP,FP,FN,confidence,scenario
1.0,0.8,0.0,0.2,0.8,4,0,1,0.3,frame1008
1.0,0.8,0.0,0.2,0.8,4,0,1,0.4,frame1008
1.0,0.6,0.0,0.4,0.6,3,0,2,0.5,frame1008
1.0,0.6,0.0,0.4,0.6,3,0,2,0.6000000000000001,frame1008
1.0,0.6,0.0,0.4,0.6,3,0,2,0.7000000000000002,frame1008
1.0,0.6,0.0,0.4,0.6,3,0,2,0.8000000000000003,frame1008
1.0,0.4,0.0,0.6,0.4,2,0,3,0.9000000000000001,frame1008
