Confidence,FPR,TP,FP,FN,Scenario
0.3,0.3333333333333333,3,1,2,frame1008
0.4,0.3333333333333333,3,1,2,frame1008
0.5,0.25,2,1,3,frame1008
0.6000000000000001,0.25,2,1,3,frame1008
0.7000000000000002,0.25,2,1,3,frame1008
0.8000000000000003,0.25,2,1,3,frame1008
0.9000000000000001,0.0,2,0,3,frame1008
