Confidence,FPR,TP,FP,FN,Scenario
0.3,0.3333333333333333,5,2,4,frame15_real_combined
0.4,0.3333333333333333,5,2,4,frame15_real_combined
0.5,0.3333333333333333,5,2,4,frame15_real_combined
0.6000000000000001,0.14285714285714285,3,1,6,frame15_real_combined
0.7000000000000002,0.125,2,1,7,frame15_real_combined
0.8000000000000003,0.125,2,1,7,frame15_real_combined
0.9000000000000001,0.0,0,0,9,frame15_real_combined
