Image Name,Threshold,Class Name,Confidence,x1,y1,x2,y2
Real_Image,0.5,car,0.8733362555503845,993.0616455078125,477.0908508300781,1080.645263671875,549.947509765625
Real_Image,0.5,truck,0.8671533465385437,595.0538940429688,421.6531066894531,880.23583984375,643.8470458984375
Real_Image,0.5,car,0.6837425827980042,965.9922485351562,477.7577819824219,1000.7655639648438,513.3941040039062
