Image Name,Threshold,Class Name,Confidence,x1,y1,x2,y2
Real_Image,0.8,car,0.870060384273529,992.7503051757812,478.15185546875,1080.552734375,551.8224487304688
Real_Image,0.8,truck,0.8640962243080139,594.4945068359375,422.8049011230469,879.852783203125,645.7388916015625
