Image Name,Threshold,Class Name,Confidence,x1,y1,x2,y2
Synthetic_Image,0.8,truck,0.861341655254364,631.4698486328125,443.85089111328125,876.4586791992188,635.2769775390625
Synthetic_Image,0.8,car,0.8583549857139587,1029.1981201171875,476.0526123046875,1109.610595703125,538.4911499023438
