filename,class,xmin,ymin,xmax,ymax,confidence
frame_1008.jpg,car,993,476,1079,550,0.9050872921943665
frame_1008.jpg,truck,572,410,879,644,0.867389976978302
frame_1008.jpg,car,966,476,1002,512,0.7269793748855591
frame_1008.jpg,car,955,485,970,504,0.4672345817089081
