filename,class,xmin,ymin,xmax,ymax,confidence
frame_1044.jpg,truck,719,425,956,629,0.9180836081504822
frame_1044.jpg,car,1018,472,1110,550,0.9078438878059387
frame_1044.jpg,car,968,474,1007,512,0.796829342842102
frame_1044.jpg,boat,693,409,886,481,0.5054453611373901
frame_1044.jpg,person,866,448,905,476,0.29670166969299316
