filename,class,xmin,ymin,xmax,ymax,confidence
RD_frame_1044.png,car,1018,474,1111,552,0.8991863131523132
RD_frame_1044.png,truck,705,423,954,632,0.8957996964454651
RD_frame_1044.png,car,968,475,1007,513,0.6839656829833984
RD_frame_1044.png,person,866,449,906,477,0.3884156346321106
