filename,class,xmin,ymin,xmax,ymax,confidence
RD_frame_1008.png,car,993,478,1079,551,0.9043728709220886
RD_frame_1008.png,truck,572,411,879,645,0.848416268825531
RD_frame_1008.png,car,966,478,1002,514,0.6976094245910645
RD_frame_1008.png,car,954,486,970,504,0.5018825531005859
