Image Name,Threshold,Class Name,Confidence,x1,y1,x2,y2
Real_Image,0.7,car,0.8733362555503845,993.0616455078125,477.0908508300781,1080.645263671875,549.947509765625
Real_Image,0.7,truck,0.8671533465385437,595.0538940429688,421.6531066894531,880.23583984375,643.8470458984375
