Image Name,Threshold,Class Name,Confidence,x1,y1,x2,y2
Synthetic_Image,0.7,truck,0.9450064897537231,631.5282592773438,443.64971923828125,883.91796875,635.1452026367188
Synthetic_Image,0.7,car,0.8574081659317017,1029.2110595703125,476.7760925292969,1109.877685546875,538.19091796875
