filename,class,xmin,ymin,xmax,ymax,confidence
Frame_0720_V100.png,car,957,477,1037,540,0.9011625051498413
Frame_0720_V100.png,car,486,470,536,500,0.8469904661178589
Frame_0720_V100.png,car,603,455,634,487,0.378481924533844
