filename,class,xmin,ymin,xmax,ymax,confidence
Frame_1008_V100.png,truck,631,444,883,635,0.9099019169807434
Frame_1008_V100.png,car,1028,477,1110,539,0.9075015187263489
Frame_1008_V100.png,truck,984,454,1026,503,0.8370009064674377
Frame_1008_V100.png,car,968,469,984,490,0.48309463262557983
