filename,class,xmin,ymin,xmax,ymax,confidence
Frame_1008_V150.png,car,1027,477,1109,539,0.9044027924537659
Frame_1008_V150.png,truck,631,445,883,635,0.8604915142059326
Frame_1008_V150.png,truck,984,453,1026,502,0.8383567929267883
Frame_1008_V150.png,car,968,469,985,490,0.6699007153511047
Frame_1008_V150.png,car,924,470,944,487,0.26426810026168823
