filename,class,xmin,ymin,xmax,ymax,confidence
Frame_1008.jpg,car,1027,477,1109,538,0.9040419459342957
Frame_1008.jpg,truck,631,444,883,634,0.8859254121780396
Frame_1008.jpg,truck,984,453,1026,502,0.8534070253372192
Frame_1008.jpg,car,924,470,944,487,0.7097077369689941
Frame_1008.jpg,car,968,470,985,490,0.6548082232475281
