filename,class,xmin,ymin,xmax,ymax,confidence
Frame_1044.jpg,car,1059,477,1136,534,0.9048895835876465
Frame_1044.jpg,truck,806,447,1018,630,0.8491559624671936
Frame_1044.jpg,car,1010,466,1051,502,0.6471735835075378
Frame_1044.jpg,car,989,468,1013,486,0.2835979461669922
