filename,class,xmin,ymin,xmax,ymax,confidence
Frame_1044_V100.png,truck,801,448,985,600,0.9013704061508179
Frame_1044_V100.png,car,1069,477,1155,541,0.9003171920776367
Frame_1044_V100.png,truck,1003,454,1056,505,0.8850919008255005
