filename,class,xmin,ymin,xmax,ymax,confidence
SD_Frame_1008.png,truck,631,444,883,635,0.9099019169807434
SD_Frame_1008.png,car,1028,477,1110,539,0.9075015187263489
SD_Frame_1008.png,truck,984,454,1026,503,0.8370006680488586
SD_Frame_1008.png,car,968,469,984,490,0.48309507966041565
