filename,width,height,class,xmin,ymin,xmax,ymax,confidence
15.png,1824,940,car,103,477,231,551,0.9191566705703735
15.png,1824,940,car,740,459,831,533,0.8396210670471191
15.png,1824,940,truck,1557,442,1698,537,0.8200587630271912
15.png,1824,940,truck,1228,397,1309,527,0.7632988095283508
15.png,1824,940,car,878,476,922,508,0.7529594302177429
15.png,1824,940,person,1020,463,1039,516,0.665550947189331
15.png,1824,940,traffic light,809,427,822,454,0.6171358823776245
15.png,1824,940,person,734,458,750,499,0.4456784427165985
15.png,1824,940,traffic light,1074,423,1095,449,0.3407275378704071
