filename,width,height,class,xmin,ymin,xmax,ymax,confidence
16.png,1824,940,truck,1288,299,1588,622,0.9461188912391663
16.png,1824,940,car,533,451,683,573,0.8743665814399719
16.png,1824,940,car,1239,479,1281,517,0.8688977360725403
16.png,1824,940,car,765,479,810,516,0.8462406992912292
16.png,1824,940,person,835,456,868,539,0.8421311974525452
16.png,1824,940,person,675,456,695,518,0.8033216595649719
16.png,1824,940,car,1794,487,1822,538,0.6552807688713074
16.png,1824,940,car,1298,467,1332,489,0.5990632176399231
16.png,1824,940,car,1276,477,1302,505,0.5880125164985657
