filename,width,height,class,xmin,ymin,xmax,ymax,confidence
21.png,1824,940,truck,1724,446,1811,556,0.9296954870223999
21.png,1824,940,car,1569,482,1651,541,0.9002033472061157
21.png,1824,940,person,450,416,501,585,0.8652389049530029
21.png,1824,940,person,212,410,286,692,0.8639569282531738
21.png,1824,940,car,1499,476,1553,507,0.8467313647270203
21.png,1824,940,truck,1143,461,1249,505,0.8282307982444763
21.png,1824,940,traffic light,0,114,86,333,0.6077051758766174
21.png,1824,940,person,199,427,244,641,0.3904595375061035
21.png,1824,940,person,52,405,99,644,0.263212651014328
