filename,width,height,class,xmin,ymin,xmax,ymax,confidence
22.png,1824,940,car,1430,487,1585,569,0.9335731863975525
22.png,1824,940,car,695,480,779,521,0.8881332874298096
22.png,1824,940,truck,1311,461,1412,507,0.8834809064865112
22.png,1824,940,car,1664,478,1712,520,0.8183498978614807
