Image Name,Threshold,Class Name,Confidence,x1,y1,x2,y2
Real_Image,0.6,car,0.870060384273529,992.7503051757812,478.15185546875,1080.552734375,551.8224487304688
Real_Image,0.6,truck,0.8640962243080139,594.4945068359375,422.8049011230469,879.852783203125,645.7388916015625
Real_Image,0.6,car,0.6774201989173889,965.8441772460938,477.8265686035156,1000.9702758789062,515.4443359375
