filename,class,xmin,ymin,xmax,ymax,confidence
16.png,truck,1288,299,1588,622,0.9461190104484558
16.png,car,533,451,683,573,0.8743663430213928
16.png,car,1239,479,1281,517,0.8688977360725403
16.png,car,765,479,810,516,0.8462408781051636
16.png,person,835,456,868,539,0.8421313762664795
16.png,person,675,456,695,518,0.8033218383789062
16.png,car,1794,487,1822,538,0.655280590057373
16.png,car,1298,467,1332,489,0.5990622639656067
16.png,car,1276,477,1302,505,0.5880114436149597
