filename,class,xmin,ymin,xmax,ymax,confidence
21.png,truck,1724,446,1811,556,0.9296956062316895
21.png,car,1569,482,1651,541,0.9002036452293396
21.png,person,450,416,501,585,0.8652388453483582
21.png,person,212,410,286,692,0.8639567494392395
21.png,car,1499,476,1553,507,0.8467316627502441
21.png,truck,1143,461,1249,505,0.8282310962677002
21.png,traffic light,0,114,86,333,0.6077038049697876
21.png,person,199,427,244,641,0.3904590308666229
21.png,person,52,405,99,644,0.2632105350494385
