filename,class,xmin,ymin,xmax,ymax,confidence
frame_16.png,person,236,410,294,650,0.8718691468238831
frame_16.png,person,518,423,560,552,0.8179453611373901
frame_16.png,truck,1601,443,1688,528,0.7873086929321289
frame_16.png,car,1515,470,1569,515,0.5791493654251099
frame_16.png,car,1472,470,1513,500,0.41530507802963257
frame_16.png,person,152,366,242,700,0.4047357738018036
frame_16.png,person,152,392,186,530,0.37179166078567505
frame_16.png,car,1445,470,1468,491,0.33278942108154297
frame_16.png,person,178,363,242,691,0.2857860326766968
