Image,TPR,FPR,TP,FP,FN
frame_13.png,0.9285714285714286,0.1875,13,3,1
frame_7.png,0.6666666666666666,0.45454545454545453,6,5,3
frame_11.png,1.0,0.46153846153846156,7,6,0
frame_10.png,0.8888888888888888,0.38461538461538464,8,5,1
frame_14.png,0.7222222222222222,0.23529411764705882,13,4,5
frame_15.png,1.0,0.16666666666666666,15,3,0
frame_16.png,0.7777777777777778,0.2222222222222222,7,2,2
frame_9.png,0.9166666666666666,0.26666666666666666,11,4,1
frame_8.png,0.875,0.4166666666666667,7,5,1
