Image,TPR,FPR,TP,FP,FN
15.png,0.875,0.2222222222222222,7,2,1
17.png,1.0,0.2857142857142857,10,4,0
16.png,0.75,0.0,9,0,3
21.png,1.0,0.0,9,0,0
20.png,0.9375,0.0,15,0,1
22.png,1.0,0.0,4,0,0
18.png,0.9090909090909091,0.4117647058823529,10,7,1
19.png,0.9375,0.0625,15,1,1
